"","danceability","energy","key","loudness","mode","speechiness","acousticness","instrumentalness","liveness","valence","tempo","type","id","uri","track_href","analysis_url","duration_ms","time_signature","track_names","who","...1","outcome"
"1",0.87,0.362,11,-9.307,0,0.0646,0.17,0.00127,0.101,0.252,120.045,"audio_features","02VX51QXZlZcubvkm5mQGg","spotify:track:02VX51QXZlZcubvkm5mQGg","https://api.spotify.com/v1/tracks/02VX51QXZlZcubvkm5mQGg","https://api.spotify.com/v1/audio-analysis/02VX51QXZlZcubvkm5mQGg",170005,4,"Control","carly",NA,1
"2",0.561,0.604,9,-4.409,1,0.0337,0.199,1.9e-05,0.104,0.242,159.92,"audio_features","6usohdchdzW9oML7VC4Uhk","spotify:track:6usohdchdzW9oML7VC4Uhk","https://api.spotify.com/v1/tracks/6usohdchdzW9oML7VC4Uhk","https://api.spotify.com/v1/audio-analysis/6usohdchdzW9oML7VC4Uhk",210689,3,"Lose Control","carly",NA,1
"3",0.353,0.77,1,-11.066,0,0.0493,0.0016,0.598,0.109,0.224,145.225,"audio_features","7MSWxMumjz6lHj7oRApNbg","spotify:track:7MSWxMumjz6lHj7oRApNbg","https://api.spotify.com/v1/tracks/7MSWxMumjz6lHj7oRApNbg","https://api.spotify.com/v1/audio-analysis/7MSWxMumjz6lHj7oRApNbg",267893,4,"White Horse","carly",NA,1
"4",0.597,0.689,8,-9.18,1,0.0268,0.0308,0.0436,0.124,0.305,95.512,"audio_features","1WDfxOe0HN6NtNujMRZ498","spotify:track:1WDfxOe0HN6NtNujMRZ498","https://api.spotify.com/v1/tracks/1WDfxOe0HN6NtNujMRZ498","https://api.spotify.com/v1/audio-analysis/1WDfxOe0HN6NtNujMRZ498",164933,4,"6's to 9's - Day Wave Remix","carly",NA,1
"5",0.754,0.76,9,-6.487,1,0.0384,0.448,0.666,0.0817,0.314,121.979,"audio_features","0ymhaRjiCwNQzeQEjewE7F","spotify:track:0ymhaRjiCwNQzeQEjewE7F","https://api.spotify.com/v1/tracks/0ymhaRjiCwNQzeQEjewE7F","https://api.spotify.com/v1/audio-analysis/0ymhaRjiCwNQzeQEjewE7F",145574,4,"Restless Bones","carly",NA,1
"6",0.855,0.678,1,-6.276,1,0.189,0.0569,3.69e-05,0.412,0.852,99.029,"audio_features","6WzRpISELf3YglGAh7TXcG","spotify:track:6WzRpISELf3YglGAh7TXcG","https://api.spotify.com/v1/tracks/6WzRpISELf3YglGAh7TXcG","https://api.spotify.com/v1/audio-analysis/6WzRpISELf3YglGAh7TXcG",215467,4,"Popular (with Playboi Carti & Madonna) - From The Idol Vol. 1 (Music from the HBO Original Series)","carly",NA,1
"7",0.769,0.818,6,-1.385,0,0.192,0.263,0,0.0787,0.918,88.017,"audio_features","4E5IFAXCob6QqZaJMTw5YN","spotify:track:4E5IFAXCob6QqZaJMTw5YN","https://api.spotify.com/v1/tracks/4E5IFAXCob6QqZaJMTw5YN","https://api.spotify.com/v1/audio-analysis/4E5IFAXCob6QqZaJMTw5YN",240800,4,"Poppin' Them Thangs","carly",NA,1
"8",0.578,0.299,9,-11.245,1,0.0352,0.794,0.00164,0.108,0.12,129.788,"audio_features","1SuNH8rKUtcjWJYvZ3bBGo","spotify:track:1SuNH8rKUtcjWJYvZ3bBGo","https://api.spotify.com/v1/tracks/1SuNH8rKUtcjWJYvZ3bBGo","https://api.spotify.com/v1/audio-analysis/1SuNH8rKUtcjWJYvZ3bBGo",175202,4,"Please Don't Be","carly",NA,1
"9",0.559,0.301,9,-9.066,1,0.0297,0.055,0.00979,0.101,0.177,116.123,"audio_features","5j4hSQH0KaAc8f6cimnXIT","spotify:track:5j4hSQH0KaAc8f6cimnXIT","https://api.spotify.com/v1/tracks/5j4hSQH0KaAc8f6cimnXIT","https://api.spotify.com/v1/audio-analysis/5j4hSQH0KaAc8f6cimnXIT",244333,3,"Fire Away","carly",NA,1
"10",0.375,0.709,4,-6.34,1,0.0576,0.00506,0,0.163,0.384,169.1,"audio_features","3cgf3PmzUZKLCRulrKrzZG","spotify:track:3cgf3PmzUZKLCRulrKrzZG","https://api.spotify.com/v1/tracks/3cgf3PmzUZKLCRulrKrzZG","https://api.spotify.com/v1/audio-analysis/3cgf3PmzUZKLCRulrKrzZG",247051,4,"Godlight","carly",NA,1
"11",0.653,0.398,8,-9.519,1,0.0284,0.64,0.000142,0.0944,0.438,133.037,"audio_features","37J6sYIBny0g0YJi88FPnc","spotify:track:37J6sYIBny0g0YJi88FPnc","https://api.spotify.com/v1/tracks/37J6sYIBny0g0YJi88FPnc","https://api.spotify.com/v1/audio-analysis/37J6sYIBny0g0YJi88FPnc",168065,4,"Blood Moon","carly",NA,1
"12",0.928,0.458,11,-6.751,1,0.187,0.0175,0.000446,0.118,0.242,144.995,"audio_features","1a73gcEg6h6Re6hHXoVltJ","spotify:track:1a73gcEg6h6Re6hHXoVltJ","https://api.spotify.com/v1/tracks/1a73gcEg6h6Re6hHXoVltJ","https://api.spotify.com/v1/audio-analysis/1a73gcEg6h6Re6hHXoVltJ",172138,4,"FTCU","carly",NA,1
"13",0.969,0.707,1,-5.509,1,0.258,0.00822,0,0.314,0.421,124.991,"audio_features","4wQmwPWCUn6gi11Gep2qsP","spotify:track:4wQmwPWCUn6gi11Gep2qsP","https://api.spotify.com/v1/tracks/4wQmwPWCUn6gi11Gep2qsP","https://api.spotify.com/v1/audio-analysis/4wQmwPWCUn6gi11Gep2qsP",161760,4,"IT GIRL","carly",NA,1
"14",0.664,0.696,2,-6.038,1,0.0486,0.0162,0.553,0.109,0.49,126.064,"audio_features","5789JwERVglbf574Olz2Bi","spotify:track:5789JwERVglbf574Olz2Bi","https://api.spotify.com/v1/tracks/5789JwERVglbf574Olz2Bi","https://api.spotify.com/v1/audio-analysis/5789JwERVglbf574Olz2Bi",215000,4,"Feel Like Makin' Love (feat. Roberta Flack)","carly",NA,1
"15",0.702,0.878,1,-6.734,0,0.0394,0.242,0.695,0.0988,0.111,124.996,"audio_features","32fmwlkq7srmOAb5N0vdyj","spotify:track:32fmwlkq7srmOAb5N0vdyj","https://api.spotify.com/v1/tracks/32fmwlkq7srmOAb5N0vdyj","https://api.spotify.com/v1/audio-analysis/32fmwlkq7srmOAb5N0vdyj",134400,3,"Echo","carly",NA,1
"16",0.747,0.867,0,-7.311,1,0.088,0.582,0.00413,0.114,0.684,124.015,"audio_features","3YgtkOxZsTuaZdL8McA1FQ","spotify:track:3YgtkOxZsTuaZdL8McA1FQ","https://api.spotify.com/v1/tracks/3YgtkOxZsTuaZdL8McA1FQ","https://api.spotify.com/v1/audio-analysis/3YgtkOxZsTuaZdL8McA1FQ",220653,4,"adore u","carly",NA,1
"17",0.785,0.673,7,-8.542,1,0.0816,0.362,0.526,0.0856,0.442,120.017,"audio_features","7AZ0Nda8vCpsPcKPTelrND","spotify:track:7AZ0Nda8vCpsPcKPTelrND","https://api.spotify.com/v1/tracks/7AZ0Nda8vCpsPcKPTelrND","https://api.spotify.com/v1/audio-analysis/7AZ0Nda8vCpsPcKPTelrND",241760,4,"Matadora","carly",NA,1
"18",0.943,0.558,2,-4.911,1,0.0568,0.0026,2.19e-06,0.0937,0.606,104.983,"audio_features","4xhsWYTOGcal8zt0J161CU","spotify:track:4xhsWYTOGcal8zt0J161CU","https://api.spotify.com/v1/tracks/4xhsWYTOGcal8zt0J161CU","https://api.spotify.com/v1/audio-analysis/4xhsWYTOGcal8zt0J161CU",138411,4,"Lovin On Me","carly",NA,1
"19",0.607,0.536,10,-7.306,1,0.0305,0.386,0,0.102,0.434,147.986,"audio_features","10M2Ex445zw585Ducldzkw","spotify:track:10M2Ex445zw585Ducldzkw","https://api.spotify.com/v1/tracks/10M2Ex445zw585Ducldzkw","https://api.spotify.com/v1/audio-analysis/10M2Ex445zw585Ducldzkw",224853,4,"In Case You Didn't Know","carly",NA,1
"20",0.715,0.584,5,-8.623,0,0.128,0.0835,0.719,0.101,0.155,111.002,"audio_features","4KMOevw12On2mtMXiHsF4N","spotify:track:4KMOevw12On2mtMXiHsF4N","https://api.spotify.com/v1/tracks/4KMOevw12On2mtMXiHsF4N","https://api.spotify.com/v1/audio-analysis/4KMOevw12On2mtMXiHsF4N",164889,4,"Do It","carly",NA,1
"21",0.694,0.719,9,-8.158,1,0.248,0.134,0.0488,0.116,0.748,82.159,"audio_features","6iTAtdjDzH8f3D1KcASfQQ","spotify:track:6iTAtdjDzH8f3D1KcASfQQ","https://api.spotify.com/v1/tracks/6iTAtdjDzH8f3D1KcASfQQ","https://api.spotify.com/v1/audio-analysis/6iTAtdjDzH8f3D1KcASfQQ",223960,4,"Let's Go Back","carly",NA,1
"22",0.407,0.361,11,-9.753,1,0.0337,0.566,0,0.133,0.307,180.088,"audio_features","4PRdeh2zIyM1pvY4x5luLe","spotify:track:4PRdeh2zIyM1pvY4x5luLe","https://api.spotify.com/v1/tracks/4PRdeh2zIyM1pvY4x5luLe","https://api.spotify.com/v1/audio-analysis/4PRdeh2zIyM1pvY4x5luLe",257668,3,"Everywhere, Everything (with Gracie Abrams)","carly",NA,1
"23",0.474,0.425,8,-11.412,1,0.0327,0.502,0.00196,0.0873,0.183,123.747,"audio_features","5wlMfZKIVAlZ9nfBFyjI2S","spotify:track:5wlMfZKIVAlZ9nfBFyjI2S","https://api.spotify.com/v1/tracks/5wlMfZKIVAlZ9nfBFyjI2S","https://api.spotify.com/v1/audio-analysis/5wlMfZKIVAlZ9nfBFyjI2S",402655,4,"Middle Of Nowhere","carly",NA,1
"24",0.567,0.509,5,-12.539,1,0.0428,0.928,0.933,0.124,0.0869,97.04,"audio_features","7Js278ET3O52ymQd8LU5bq","spotify:track:7Js278ET3O52ymQd8LU5bq","https://api.spotify.com/v1/tracks/7Js278ET3O52ymQd8LU5bq","https://api.spotify.com/v1/audio-analysis/7Js278ET3O52ymQd8LU5bq",231649,4,"The Journey","carly",NA,1
"25",0.445,0.626,6,-8.606,0,0.0287,0.000953,0.915,0.321,0.0823,80.951,"audio_features","3CMGpvXlQwBnmOvGUezflA","spotify:track:3CMGpvXlQwBnmOvGUezflA","https://api.spotify.com/v1/tracks/3CMGpvXlQwBnmOvGUezflA","https://api.spotify.com/v1/audio-analysis/3CMGpvXlQwBnmOvGUezflA",198392,4,"I've Been Waiting","carly",NA,1
"26",0.831,0.227,7,-12.115,1,0.06,0.596,0.0437,0.117,0.288,124.062,"audio_features","2LY14NSmNatgOhdnpdGK8W","spotify:track:2LY14NSmNatgOhdnpdGK8W","https://api.spotify.com/v1/tracks/2LY14NSmNatgOhdnpdGK8W","https://api.spotify.com/v1/audio-analysis/2LY14NSmNatgOhdnpdGK8W",148972,4,"Feels Like a Sunday","carly",NA,1
"27",0.488,0.294,5,-12.572,1,0.11,0.804,0.651,0.0758,0.0754,94.462,"audio_features","6FOOwpGF5GLCotjnic8evC","spotify:track:6FOOwpGF5GLCotjnic8evC","https://api.spotify.com/v1/tracks/6FOOwpGF5GLCotjnic8evC","https://api.spotify.com/v1/audio-analysis/6FOOwpGF5GLCotjnic8evC",212214,4,"SWIM - ford. Remix","carly",NA,1
"28",0.643,0.602,10,-9.178,0,0.0407,0.514,0.871,0.116,0.0856,105.016,"audio_features","1OCrb7dmygmJiDcjdFAPR8","spotify:track:1OCrb7dmygmJiDcjdFAPR8","https://api.spotify.com/v1/tracks/1OCrb7dmygmJiDcjdFAPR8","https://api.spotify.com/v1/audio-analysis/1OCrb7dmygmJiDcjdFAPR8",174608,4,"Heights","carly",NA,1
"29",0.635,0.274,2,-13.53,1,0.033,0.813,0,0.162,0.316,93.025,"audio_features","3K7vPyMCcecKRotnu08MMP","spotify:track:3K7vPyMCcecKRotnu08MMP","https://api.spotify.com/v1/tracks/3K7vPyMCcecKRotnu08MMP","https://api.spotify.com/v1/audio-analysis/3K7vPyMCcecKRotnu08MMP",264585,4,"Crazier Things (with Noah Kahan)","carly",NA,1
"30",0.663,0.381,5,-9.129,0,0.0346,0.362,0.000321,0.131,0.24,120.057,"audio_features","6yWn9RKfL1il1b4hFe6H1i","spotify:track:6yWn9RKfL1il1b4hFe6H1i","https://api.spotify.com/v1/tracks/6yWn9RKfL1il1b4hFe6H1i","https://api.spotify.com/v1/audio-analysis/6yWn9RKfL1il1b4hFe6H1i",241120,4,"Something Tells Me","carly",NA,1
"31",0.75,0.674,8,-6.128,0,0.097,0.228,8.91e-05,0.122,0.392,123.026,"audio_features","7dJYggqjKo71KI9sLzqCs8","spotify:track:7dJYggqjKo71KI9sLzqCs8","https://api.spotify.com/v1/tracks/7dJYggqjKo71KI9sLzqCs8","https://api.spotify.com/v1/audio-analysis/7dJYggqjKo71KI9sLzqCs8",265360,4,"Agora Hills","carly",NA,1
"32",0.781,0.717,10,-6.825,1,0.169,0.0297,0.0028,0.273,0.629,119.972,"audio_features","2M4tVhRXucLE9M3STv21Yi","spotify:track:2M4tVhRXucLE9M3STv21Yi","https://api.spotify.com/v1/tracks/2M4tVhRXucLE9M3STv21Yi","https://api.spotify.com/v1/audio-analysis/2M4tVhRXucLE9M3STv21Yi",171562,4,"Lavender Haze - Felix Jaehn Remix","carly",NA,1
"33",0.31,0.146,0,-19.278,1,0.0303,0.99,0.261,0.076,0.333,162.831,"audio_features","7rIhp6EWLNtM8qFIQruJPT","spotify:track:7rIhp6EWLNtM8qFIQruJPT","https://api.spotify.com/v1/tracks/7rIhp6EWLNtM8qFIQruJPT","https://api.spotify.com/v1/audio-analysis/7rIhp6EWLNtM8qFIQruJPT",298587,3,"Wash.","carly",NA,1
"34",0.199,0.4,9,-11.752,1,0.0611,0.968,0.979,0.104,0.0739,205.688,"audio_features","3zVIHM2HdXaXxguzAYWyuJ","spotify:track:3zVIHM2HdXaXxguzAYWyuJ","https://api.spotify.com/v1/tracks/3zVIHM2HdXaXxguzAYWyuJ","https://api.spotify.com/v1/audio-analysis/3zVIHM2HdXaXxguzAYWyuJ",91580,4,"Pier Café","carly",NA,1
"35",0.751,0.372,6,-8.869,0,0.0345,0.724,0.0187,0.345,0.189,110.078,"audio_features","5MhjVNyXNB4NUWDPmSY7WD","spotify:track:5MhjVNyXNB4NUWDPmSY7WD","https://api.spotify.com/v1/tracks/5MhjVNyXNB4NUWDPmSY7WD","https://api.spotify.com/v1/audio-analysis/5MhjVNyXNB4NUWDPmSY7WD",228771,4,"Bergamot Feels","carly",NA,1
"36",0.364,0.308,4,-13.052,1,0.0402,0.895,0.0023,0.123,0.387,73.328,"audio_features","6uHvbKL0Yi37AuvNRmUfMw","spotify:track:6uHvbKL0Yi37AuvNRmUfMw","https://api.spotify.com/v1/tracks/6uHvbKL0Yi37AuvNRmUfMw","https://api.spotify.com/v1/audio-analysis/6uHvbKL0Yi37AuvNRmUfMw",191773,4,"Paint","carly",NA,1
"37",0.714,0.433,3,-9.01,1,0.0546,0.817,0.843,0.157,0.039,120.768,"audio_features","7oFppYO8y8zOaLe2gI5Vid","spotify:track:7oFppYO8y8zOaLe2gI5Vid","https://api.spotify.com/v1/tracks/7oFppYO8y8zOaLe2gI5Vid","https://api.spotify.com/v1/audio-analysis/7oFppYO8y8zOaLe2gI5Vid",65109,5,"Elephant Crossing","carly",NA,1
"38",0.533,0.35,7,-9.577,1,0.0291,0.107,0,0.121,0.176,116.031,"audio_features","401qSkk4KOeBVld2aiCAoK","spotify:track:401qSkk4KOeBVld2aiCAoK","https://api.spotify.com/v1/tracks/401qSkk4KOeBVld2aiCAoK","https://api.spotify.com/v1/audio-analysis/401qSkk4KOeBVld2aiCAoK",173759,4,"Lovers to Strangers","carly",NA,1
"39",0.863,0.606,9,-7.478,1,0.327,0.045,0.00472,0.231,0.595,86.024,"audio_features","2uUjcNF3WkKTlqESfF7Gdm","spotify:track:2uUjcNF3WkKTlqESfF7Gdm","https://api.spotify.com/v1/tracks/2uUjcNF3WkKTlqESfF7Gdm","https://api.spotify.com/v1/audio-analysis/2uUjcNF3WkKTlqESfF7Gdm",245478,4,"Next Phase","carly",NA,1
"40",0.885,0.525,5,-6.492,0,0.121,0.0394,0.00126,0.0789,0.713,150.07,"audio_features","5BDYYa1fH4fL6uFTBPhMac","spotify:track:5BDYYa1fH4fL6uFTBPhMac","https://api.spotify.com/v1/tracks/5BDYYa1fH4fL6uFTBPhMac","https://api.spotify.com/v1/audio-analysis/5BDYYa1fH4fL6uFTBPhMac",259587,4,"Unbelievable","carly",NA,1
"41",0.898,0.283,6,-12.335,0,0.356,0.319,0.000383,0.11,0.469,138.97,"audio_features","0utlOiJy2weVl9WTkcEWHy","spotify:track:0utlOiJy2weVl9WTkcEWHy","https://api.spotify.com/v1/tracks/0utlOiJy2weVl9WTkcEWHy","https://api.spotify.com/v1/audio-analysis/0utlOiJy2weVl9WTkcEWHy",216520,4,"Neighbors","carly",NA,1
"42",0.841,0.732,7,-5.186,0,0.19,0.0115,2.18e-05,0.136,0.576,149.012,"audio_features","4mIHgQ3ofK2RK34UdbqMbe","spotify:track:4mIHgQ3ofK2RK34UdbqMbe","https://api.spotify.com/v1/tracks/4mIHgQ3ofK2RK34UdbqMbe","https://api.spotify.com/v1/audio-analysis/4mIHgQ3ofK2RK34UdbqMbe",143480,4,"Ambition For Cash","carly",NA,1
"43",0.889,0.818,9,-4.639,1,0.253,0.47,0,0.179,0.782,96.063,"audio_features","5ByAIlEEnxYdvpnezg7HTX","spotify:track:5ByAIlEEnxYdvpnezg7HTX","https://api.spotify.com/v1/tracks/5ByAIlEEnxYdvpnezg7HTX","https://api.spotify.com/v1/audio-analysis/5ByAIlEEnxYdvpnezg7HTX",302760,4,"Juicy - 2005 Remaster","carly",NA,1
"44",0.637,0.678,0,-3.798,1,0.266,0.209,0,0.156,0.254,84.039,"audio_features","561jH07mF1jHuk7KlaeF0s","spotify:track:561jH07mF1jHuk7KlaeF0s","https://api.spotify.com/v1/tracks/561jH07mF1jHuk7KlaeF0s","https://api.spotify.com/v1/audio-analysis/561jH07mF1jHuk7KlaeF0s",250760,4,"Mockingbird","carly",NA,1
"45",0.801,0.91,2,-6.566,1,0.225,0.00239,0.000891,0.0737,0.805,87.277,"audio_features","5g9lS8deSIxItFBmZRC4vN","spotify:track:5g9lS8deSIxItFBmZRC4vN","https://api.spotify.com/v1/tracks/5g9lS8deSIxItFBmZRC4vN","https://api.spotify.com/v1/audio-analysis/5g9lS8deSIxItFBmZRC4vN",278387,4,"Ambitionz Az A Ridah","carly",NA,1
"46",0.638,0.523,1,-6.664,1,0.357,0.00454,0,0.0842,0.422,139.913,"audio_features","6HZILIRieu8S0iqY8kIKhj","spotify:track:6HZILIRieu8S0iqY8kIKhj","https://api.spotify.com/v1/tracks/6HZILIRieu8S0iqY8kIKhj","https://api.spotify.com/v1/audio-analysis/6HZILIRieu8S0iqY8kIKhj",185947,4,"DNA.","carly",NA,1
"47",0.464,0.754,9,-6.653,0,0.128,0.465,1.57e-05,0.37,0.444,86.501,"audio_features","0rFpcfF0YfvFUYsl99Bw9d","spotify:track:0rFpcfF0YfvFUYsl99Bw9d","https://api.spotify.com/v1/tracks/0rFpcfF0YfvFUYsl99Bw9d","https://api.spotify.com/v1/audio-analysis/0rFpcfF0YfvFUYsl99Bw9d",235627,4,"Soundtrack 2 My Life","carly",NA,1
"48",0.559,0.551,5,-7.231,1,0.132,0.141,0,0.11,0.392,143.008,"audio_features","4iZ4pt7kvcaH6Yo8UoZ4s2","spotify:track:4iZ4pt7kvcaH6Yo8UoZ4s2","https://api.spotify.com/v1/tracks/4iZ4pt7kvcaH6Yo8UoZ4s2","https://api.spotify.com/v1/audio-analysis/4iZ4pt7kvcaH6Yo8UoZ4s2",201800,4,"Snooze","carly",NA,1
"49",0.787,0.621,4,-5.009,0,0.068,0.15,0.000402,0.58,0.13,139.056,"audio_features","4MjDJD8cW7iVeWInc2Bdyj","spotify:track:4MjDJD8cW7iVeWInc2Bdyj","https://api.spotify.com/v1/tracks/4MjDJD8cW7iVeWInc2Bdyj","https://api.spotify.com/v1/audio-analysis/4MjDJD8cW7iVeWInc2Bdyj",267194,4,"MONACO","carly",NA,1
"50",0.545,0.545,9,-7.362,1,0.107,0.667,5.48e-05,0.417,0.549,159.94,"audio_features","3xKsf9qdS1CyvXSMEid6g8","spotify:track:3xKsf9qdS1CyvXSMEid6g8","https://api.spotify.com/v1/tracks/3xKsf9qdS1CyvXSMEid6g8","https://api.spotify.com/v1/audio-analysis/3xKsf9qdS1CyvXSMEid6g8",184516,3,"Pink + White","carly",NA,1
"51",0.671,0.34,2,-12.108,1,0.0351,0.793,1.93e-06,0.0948,0.365,98.012,"audio_features","6xpF0dbtDGmEd0En18Kfwl","spotify:track:6xpF0dbtDGmEd0En18Kfwl","https://api.spotify.com/v1/tracks/6xpF0dbtDGmEd0En18Kfwl","https://api.spotify.com/v1/audio-analysis/6xpF0dbtDGmEd0En18Kfwl",184426,4,"Wandering Child","carly",NA,1
"52",0.697,0.22,0,-13.696,1,0.042,0.703,0,0.0891,0.194,129.966,"audio_features","5uu2OCGGrTRS1sIvlMgKwe","spotify:track:5uu2OCGGrTRS1sIvlMgKwe","https://api.spotify.com/v1/tracks/5uu2OCGGrTRS1sIvlMgKwe","https://api.spotify.com/v1/audio-analysis/5uu2OCGGrTRS1sIvlMgKwe",145438,4,"i am not who i was","carly",NA,1
"53",0.404,0.534,10,-13.012,1,0.0435,0.82,0.708,0.107,0.182,150.896,"audio_features","0SjtVyfdl77VKgd8yrvsWJ","spotify:track:0SjtVyfdl77VKgd8yrvsWJ","https://api.spotify.com/v1/tracks/0SjtVyfdl77VKgd8yrvsWJ","https://api.spotify.com/v1/audio-analysis/0SjtVyfdl77VKgd8yrvsWJ",409160,4,"Time Is Dancing","carly",NA,1
"54",0.606,0.349,4,-13.967,1,0.0319,0.764,0.306,0.112,0.156,80.071,"audio_features","12niARgkwxGsklcEwh6GlG","spotify:track:12niARgkwxGsklcEwh6GlG","https://api.spotify.com/v1/tracks/12niARgkwxGsklcEwh6GlG","https://api.spotify.com/v1/audio-analysis/12niARgkwxGsklcEwh6GlG",203870,4,"Portland, Maine","carly",NA,1
"55",0.858,0.426,10,-8.879,0,0.0402,0.00586,0.761,0.0977,0.419,89.981,"audio_features","1RJl5cZ8kFpoVFOS2x6scI","spotify:track:1RJl5cZ8kFpoVFOS2x6scI","https://api.spotify.com/v1/tracks/1RJl5cZ8kFpoVFOS2x6scI","https://api.spotify.com/v1/audio-analysis/1RJl5cZ8kFpoVFOS2x6scI",192897,4,"Take Me Where Your Heart Is","carly",NA,1
"56",0.866,0.342,7,-8.42,1,0.0527,0.786,0.231,0.178,0.115,125.427,"audio_features","3MYUHaITeEQh3WjMkHr67z","spotify:track:3MYUHaITeEQh3WjMkHr67z","https://api.spotify.com/v1/tracks/3MYUHaITeEQh3WjMkHr67z","https://api.spotify.com/v1/audio-analysis/3MYUHaITeEQh3WjMkHr67z",146842,4,"Hey Now - When I Give You All My Lovin'","carly",NA,1
"57",0.612,0.624,7,-9.67,1,0.0365,0.356,0.833,0.177,0.949,170.148,"audio_features","3EY6qrZg6wwgUYOaVdnTFE","spotify:track:3EY6qrZg6wwgUYOaVdnTFE","https://api.spotify.com/v1/tracks/3EY6qrZg6wwgUYOaVdnTFE","https://api.spotify.com/v1/audio-analysis/3EY6qrZg6wwgUYOaVdnTFE",227638,4,"Kids Fallin' In Love","carly",NA,1
"58",0.618,0.308,0,-15.459,1,0.0344,0.863,0.733,0.111,0.119,96.189,"audio_features","2edZase3fgTjQMWKPPar5N","spotify:track:2edZase3fgTjQMWKPPar5N","https://api.spotify.com/v1/tracks/2edZase3fgTjQMWKPPar5N","https://api.spotify.com/v1/audio-analysis/2edZase3fgTjQMWKPPar5N",181248,4,"Phenomenon","carly",NA,1
"59",0.457,0.551,5,-9.36,0,0.167,0.427,1.15e-06,0.113,0.428,89.87,"audio_features","7eqoqGkKwgOaWNNHx90uEZ","spotify:track:7eqoqGkKwgOaWNNHx90uEZ","https://api.spotify.com/v1/tracks/7eqoqGkKwgOaWNNHx90uEZ","https://api.spotify.com/v1/audio-analysis/7eqoqGkKwgOaWNNHx90uEZ",307151,4,"Nights","carly",NA,1
"60",0.677,0.74,2,-6.528,1,0.0243,0.242,0.0146,0.105,0.679,110.193,"audio_features","4zCrOO8OAjpnmekfIxzTsl","spotify:track:4zCrOO8OAjpnmekfIxzTsl","https://api.spotify.com/v1/tracks/4zCrOO8OAjpnmekfIxzTsl","https://api.spotify.com/v1/audio-analysis/4zCrOO8OAjpnmekfIxzTsl",237961,4,"Marinade","carly",NA,1
"61",0.743,0.671,11,-6.304,1,0.0382,0.0706,0,0.294,0.627,127.923,"audio_features","0p1hBWPaSxUDTSa32PyhnU","spotify:track:0p1hBWPaSxUDTSa32PyhnU","https://api.spotify.com/v1/tracks/0p1hBWPaSxUDTSa32PyhnU","https://api.spotify.com/v1/audio-analysis/0p1hBWPaSxUDTSa32PyhnU",243962,4,"She Calls Me Back (with Kacey Musgraves)","carly",NA,1
"62",0.538,0.734,2,-6.284,0,0.0318,0.389,0.42,0.0849,0.63,147.901,"audio_features","0GixW2r7DQK76xOxMmKn8S","spotify:track:0GixW2r7DQK76xOxMmKn8S","https://api.spotify.com/v1/tracks/0GixW2r7DQK76xOxMmKn8S","https://api.spotify.com/v1/audio-analysis/0GixW2r7DQK76xOxMmKn8S",192907,4,"Down The Line","carly",NA,1
"63",0.739,0.471,8,-8.456,1,0.0436,0.0661,9.78e-05,0.116,0.31,90.002,"audio_features","5dmPNuHmRRJuHmJTDa7NuJ","spotify:track:5dmPNuHmRRJuHmJTDa7NuJ","https://api.spotify.com/v1/tracks/5dmPNuHmRRJuHmJTDa7NuJ","https://api.spotify.com/v1/audio-analysis/5dmPNuHmRRJuHmJTDa7NuJ",194400,4,"Bambi","carly",NA,1
"64",0.512,0.614,6,-14.368,1,0.0292,0.104,0.738,0.252,0.965,168.071,"audio_features","63k361zOGEhmvgzBdzzSGP","spotify:track:63k361zOGEhmvgzBdzzSGP","https://api.spotify.com/v1/tracks/63k361zOGEhmvgzBdzzSGP","https://api.spotify.com/v1/audio-analysis/63k361zOGEhmvgzBdzzSGP",117173,4,"The Sunshine","carly",NA,1
"65",0.659,0.59,11,-9.588,1,0.27,0.478,0.003,0.116,0.486,99.027,"audio_features","5FWPdgtQACI6DPE2CBPUpm","spotify:track:5FWPdgtQACI6DPE2CBPUpm","https://api.spotify.com/v1/tracks/5FWPdgtQACI6DPE2CBPUpm","https://api.spotify.com/v1/audio-analysis/5FWPdgtQACI6DPE2CBPUpm",127731,4,"Woop Baby","carly",NA,1
"66",0.682,0.552,2,-12.351,1,0.0461,0.814,0.444,0.194,0.0946,111.898,"audio_features","66BDXKHZOvvz4CwZovEMwH","spotify:track:66BDXKHZOvvz4CwZovEMwH","https://api.spotify.com/v1/tracks/66BDXKHZOvvz4CwZovEMwH","https://api.spotify.com/v1/audio-analysis/66BDXKHZOvvz4CwZovEMwH",142675,4,"Sunshine","carly",NA,1
"67",0.793,0.556,6,-8.288,1,0.0437,0.0178,0.000124,0.374,0.692,123.028,"audio_features","1CdlRy7UMR7Oz8pnUFFX2G","spotify:track:1CdlRy7UMR7Oz8pnUFFX2G","https://api.spotify.com/v1/tracks/1CdlRy7UMR7Oz8pnUFFX2G","https://api.spotify.com/v1/audio-analysis/1CdlRy7UMR7Oz8pnUFFX2G",159179,4,"Oh Yes (feat. Marvin Gaye & Tammi Terrell)","carly",NA,1
"68",0.699,0.414,11,-12.373,1,0.0323,0.434,0.231,0.109,0.394,117.991,"audio_features","3kxGvXqQDSOTo2KC6bEHNF","spotify:track:3kxGvXqQDSOTo2KC6bEHNF","https://api.spotify.com/v1/tracks/3kxGvXqQDSOTo2KC6bEHNF","https://api.spotify.com/v1/audio-analysis/3kxGvXqQDSOTo2KC6bEHNF",202215,4,"My Mind","carly",NA,1
"69",0.671,0.523,7,-11.168,0,0.034,0.648,1.54e-06,0.108,0.399,119.017,"audio_features","6M1FsPZO46XxOrG6wHa9NP","spotify:track:6M1FsPZO46XxOrG6wHa9NP","https://api.spotify.com/v1/tracks/6M1FsPZO46XxOrG6wHa9NP","https://api.spotify.com/v1/audio-analysis/6M1FsPZO46XxOrG6wHa9NP",177947,4,"Slow Motion","carly",NA,1
"70",0.555,0.216,3,-11.661,1,0.0721,0.557,0.00416,0.109,0.504,79.109,"audio_features","6me7F0aaZjwDo6RJ5MrfBD","spotify:track:6me7F0aaZjwDo6RJ5MrfBD","https://api.spotify.com/v1/tracks/6me7F0aaZjwDo6RJ5MrfBD","https://api.spotify.com/v1/audio-analysis/6me7F0aaZjwDo6RJ5MrfBD",87000,3,"Evergreen","carly",NA,1
"71",0.429,0.453,0,-7.746,1,0.0459,0.554,2e-06,0.102,0.155,77.639,"audio_features","4KULAymBBJcPRpk1yO4dOG","spotify:track:4KULAymBBJcPRpk1yO4dOG","https://api.spotify.com/v1/tracks/4KULAymBBJcPRpk1yO4dOG","https://api.spotify.com/v1/audio-analysis/4KULAymBBJcPRpk1yO4dOG",227196,4,"I Remember Everything (feat. Kacey Musgraves)","carly",NA,1
"72",0.727,0.585,1,-7.059,1,0.0374,0.054,0.0701,0.0549,0.602,117.716,"audio_features","5n2kAftaxSkdW4443xGxy4","spotify:track:5n2kAftaxSkdW4443xGxy4","https://api.spotify.com/v1/tracks/5n2kAftaxSkdW4443xGxy4","https://api.spotify.com/v1/audio-analysis/5n2kAftaxSkdW4443xGxy4",241480,4,"Dear To Me","carly",NA,1
"73",0.851,0.424,11,-7.407,1,0.0644,0.812,0.091,0.0695,0.453,79.986,"audio_features","0XnokfUryAsBsDfoa3Y43R","spotify:track:0XnokfUryAsBsDfoa3Y43R","https://api.spotify.com/v1/tracks/0XnokfUryAsBsDfoa3Y43R","https://api.spotify.com/v1/audio-analysis/0XnokfUryAsBsDfoa3Y43R",220533,4,"Smoke of a Train","carly",NA,1
"74",0.601,0.675,4,-6.358,1,0.0399,0.698,0,0.125,0.446,131.933,"audio_features","3MkXV52jXtsG4pvKp4cGE8","spotify:track:3MkXV52jXtsG4pvKp4cGE8","https://api.spotify.com/v1/tracks/3MkXV52jXtsG4pvKp4cGE8","https://api.spotify.com/v1/audio-analysis/3MkXV52jXtsG4pvKp4cGE8",207667,4,"Chasing After You","carly",NA,1
"75",0.657,0.368,7,-9.978,1,0.0281,0.884,0.00293,0.109,0.522,116.221,"audio_features","6n7Aj8Ok0kyktLxFjcUreo","spotify:track:6n7Aj8Ok0kyktLxFjcUreo","https://api.spotify.com/v1/tracks/6n7Aj8Ok0kyktLxFjcUreo","https://api.spotify.com/v1/audio-analysis/6n7Aj8Ok0kyktLxFjcUreo",188947,4,"Old Ties and Companions","carly",NA,1
"76",0.573,0.295,7,-11.487,0,0.0267,0.761,7.17e-06,0.092,0.474,128.015,"audio_features","7lXhOInU1PuJad7zK6pzPt","spotify:track:7lXhOInU1PuJad7zK6pzPt","https://api.spotify.com/v1/tracks/7lXhOInU1PuJad7zK6pzPt","https://api.spotify.com/v1/audio-analysis/7lXhOInU1PuJad7zK6pzPt",221600,4,"Washington Street","carly",NA,1
"77",0.743,0.55,11,-8.324,0,0.0598,0.513,0.905,0.196,0.484,100.024,"audio_features","7J7U5boHPyqj4neo095hQk","spotify:track:7J7U5boHPyqj4neo095hQk","https://api.spotify.com/v1/tracks/7J7U5boHPyqj4neo095hQk","https://api.spotify.com/v1/audio-analysis/7J7U5boHPyqj4neo095hQk",195862,4,"Home","carly",NA,1
"78",0.499,0.495,5,-10.508,1,0.0501,0.348,0.0286,0.2,0.339,80.086,"audio_features","5H6Jp0syB5yEPk7SWYdlmk","spotify:track:5H6Jp0syB5yEPk7SWYdlmk","https://api.spotify.com/v1/tracks/5H6Jp0syB5yEPk7SWYdlmk","https://api.spotify.com/v1/audio-analysis/5H6Jp0syB5yEPk7SWYdlmk",200733,4,"The Wind Cries Mary","carly",NA,1
"79",0.738,0.569,4,-9.572,0,0.0624,0.303,0.229,0.138,0.323,91.001,"audio_features","6h6jpIeK8bZvVwKT4edHYi","spotify:track:6h6jpIeK8bZvVwKT4edHYi","https://api.spotify.com/v1/tracks/6h6jpIeK8bZvVwKT4edHYi","https://api.spotify.com/v1/audio-analysis/6h6jpIeK8bZvVwKT4edHYi",278204,4,"Midnight Sky","carly",NA,1
"80",0.423,0.532,1,-10.343,1,0.0296,0.414,0.145,0.083,0.402,133.919,"audio_features","2jJdICOkaTipsM9zccfbeS","spotify:track:2jJdICOkaTipsM9zccfbeS","https://api.spotify.com/v1/tracks/2jJdICOkaTipsM9zccfbeS","https://api.spotify.com/v1/audio-analysis/2jJdICOkaTipsM9zccfbeS",138452,4,"See the World","carly",NA,1
"81",0.678,0.368,5,-10.503,0,0.0264,0.512,0,0.326,0.426,140.956,"audio_features","62sI08p4Y6rScI04ijiEq1","spotify:track:62sI08p4Y6rScI04ijiEq1","https://api.spotify.com/v1/tracks/62sI08p4Y6rScI04ijiEq1","https://api.spotify.com/v1/audio-analysis/62sI08p4Y6rScI04ijiEq1",176867,4,"Tattooed Cigarette","carly",NA,1
"82",0.629,0.748,5,-6.513,1,0.0812,0.0961,2.01e-05,0.109,0.173,120.021,"audio_features","6U0GYSiAsb9bYvuOzQJLoq","spotify:track:6U0GYSiAsb9bYvuOzQJLoq","https://api.spotify.com/v1/tracks/6U0GYSiAsb9bYvuOzQJLoq","https://api.spotify.com/v1/audio-analysis/6U0GYSiAsb9bYvuOzQJLoq",218000,4,"Shades","carly",NA,1
"83",0.71,0.867,0,-5.489,1,0.0399,0.0514,0.0195,0.229,0.423,103.036,"audio_features","3TwAePhxn7pwkdHNwpWgvp","spotify:track:3TwAePhxn7pwkdHNwpWgvp","https://api.spotify.com/v1/tracks/3TwAePhxn7pwkdHNwpWgvp","https://api.spotify.com/v1/audio-analysis/3TwAePhxn7pwkdHNwpWgvp",225368,4,"3AM","carly",NA,1
"84",0.927,0.316,6,-14.604,0,0.0667,0.505,0.682,0.105,0.799,114.503,"audio_features","1XXwItGFhOuvQmopWby2dP","spotify:track:1XXwItGFhOuvQmopWby2dP","https://api.spotify.com/v1/tracks/1XXwItGFhOuvQmopWby2dP","https://api.spotify.com/v1/audio-analysis/1XXwItGFhOuvQmopWby2dP",189467,4,"Pictures of You","carly",NA,1
"85",0.777,0.542,0,-8.288,1,0.0352,0.813,0.00013,0.0841,0.421,122.977,"audio_features","68O5o5KYJJ6eKGLu7Zn734","spotify:track:68O5o5KYJJ6eKGLu7Zn734","https://api.spotify.com/v1/tracks/68O5o5KYJJ6eKGLu7Zn734","https://api.spotify.com/v1/audio-analysis/68O5o5KYJJ6eKGLu7Zn734",230244,4,"Stay","carly",NA,1
"86",0.554,0.603,3,-12.024,1,0.0322,0.619,0.621,0.196,0.474,86.718,"audio_features","6ZqYeKK1HrmzmbNc4ywGQq","spotify:track:6ZqYeKK1HrmzmbNc4ywGQq","https://api.spotify.com/v1/tracks/6ZqYeKK1HrmzmbNc4ywGQq","https://api.spotify.com/v1/audio-analysis/6ZqYeKK1HrmzmbNc4ywGQq",254539,4,"Kaleidoscope Eyes - Audiotree Live Version","carly",NA,1
"87",0.496,0.809,1,-8.47,1,0.0331,0.0319,0.0172,0.254,0.55,81.995,"audio_features","3t3lP88R2jYG9lMwFf9Sd5","spotify:track:3t3lP88R2jYG9lMwFf9Sd5","https://api.spotify.com/v1/tracks/3t3lP88R2jYG9lMwFf9Sd5","https://api.spotify.com/v1/audio-analysis/3t3lP88R2jYG9lMwFf9Sd5",268987,4,"That Easy","carly",NA,1
"88",0.447,0.441,0,-7.658,1,0.0456,0.874,4.36e-05,0.188,0.286,122.811,"audio_features","42TtHTxWk782ZBiqyOi2d1","spotify:track:42TtHTxWk782ZBiqyOi2d1","https://api.spotify.com/v1/tracks/42TtHTxWk782ZBiqyOi2d1","https://api.spotify.com/v1/audio-analysis/42TtHTxWk782ZBiqyOi2d1",290892,4,"Dawns (feat. Maggie Rogers)","carly",NA,1
"89",0.716,0.558,8,-8.119,0,0.0787,0.289,0.0645,0.154,0.438,123.968,"audio_features","1wmFmr7dOdK8Cjh60yFltt","spotify:track:1wmFmr7dOdK8Cjh60yFltt","https://api.spotify.com/v1/tracks/1wmFmr7dOdK8Cjh60yFltt","https://api.spotify.com/v1/audio-analysis/1wmFmr7dOdK8Cjh60yFltt",160766,4,"Young Hearts 2.0","carly",NA,1
"90",0.732,0.328,5,-8.13,1,0.0327,0.487,0,0.0677,0.385,141.789,"audio_features","3d3LHam2Lc5ADEyJxG3fXE","spotify:track:3d3LHam2Lc5ADEyJxG3fXE","https://api.spotify.com/v1/tracks/3d3LHam2Lc5ADEyJxG3fXE","https://api.spotify.com/v1/audio-analysis/3d3LHam2Lc5ADEyJxG3fXE",199391,4,"Thinking 'Bout Love","carly",NA,1
"91",0.54,0.709,7,-8.349,0,0.0685,0.00837,3.17e-05,0.267,0.375,172.114,"audio_features","4qPUPlHOGPmeNo4sWQkF9H","spotify:track:4qPUPlHOGPmeNo4sWQkF9H","https://api.spotify.com/v1/tracks/4qPUPlHOGPmeNo4sWQkF9H","https://api.spotify.com/v1/audio-analysis/4qPUPlHOGPmeNo4sWQkF9H",159070,4,"Lazy Love","carly",NA,1
"92",0.68,0.722,7,-5.214,0,0.0683,0.18,0.000137,0.339,0.2,120.012,"audio_features","3x7jbRUvcoULvi1WFEHo5w","spotify:track:3x7jbRUvcoULvi1WFEHo5w","https://api.spotify.com/v1/tracks/3x7jbRUvcoULvi1WFEHo5w","https://api.spotify.com/v1/audio-analysis/3x7jbRUvcoULvi1WFEHo5w",187990,4,"Motion","carly",NA,1
"93",0.782,0.469,0,-10.876,1,0.154,0.897,0.0339,0.107,0.228,122.02,"audio_features","5BcgMsAhoEgR6nmZHhAZEg","spotify:track:5BcgMsAhoEgR6nmZHhAZEg","https://api.spotify.com/v1/tracks/5BcgMsAhoEgR6nmZHhAZEg","https://api.spotify.com/v1/audio-analysis/5BcgMsAhoEgR6nmZHhAZEg",190016,4,"Hallucinogenics - Vallis Alps Remix","carly",NA,1
"94",0.737,0.56,9,-8.281,0,0.127,0.815,0.00164,0.125,0.812,80.006,"audio_features","10qar57dEiw0arPhQ3NTU5","spotify:track:10qar57dEiw0arPhQ3NTU5","https://api.spotify.com/v1/tracks/10qar57dEiw0arPhQ3NTU5","https://api.spotify.com/v1/audio-analysis/10qar57dEiw0arPhQ3NTU5",201179,4,"Unwind","carly",NA,1
"95",0.69,0.732,6,-6.823,1,0.242,0.45,0.000116,0.197,0.578,155.958,"audio_features","4cS8gbYBfxSQakRELQpg0W","spotify:track:4cS8gbYBfxSQakRELQpg0W","https://api.spotify.com/v1/tracks/4cS8gbYBfxSQakRELQpg0W","https://api.spotify.com/v1/audio-analysis/4cS8gbYBfxSQakRELQpg0W",158457,4,"Fine","carly",NA,1
"96",0.805,0.483,1,-7.805,1,0.151,0.46,0,0.13,0.291,116.034,"audio_features","0niO7y7fkPiRGkvbovRZ9o","spotify:track:0niO7y7fkPiRGkvbovRZ9o","https://api.spotify.com/v1/tracks/0niO7y7fkPiRGkvbovRZ9o","https://api.spotify.com/v1/audio-analysis/0niO7y7fkPiRGkvbovRZ9o",172711,4,"Water Flow (Hazey Eyes Remix)","carly",NA,1
"97",0.736,0.872,5,-5.03,0,0.0558,0.211,0.0606,0.287,0.689,118.014,"audio_features","2Al2n6ziP5XjIMZEL4laQj","spotify:track:2Al2n6ziP5XjIMZEL4laQj","https://api.spotify.com/v1/tracks/2Al2n6ziP5XjIMZEL4laQj","https://api.spotify.com/v1/audio-analysis/2Al2n6ziP5XjIMZEL4laQj",282729,4,"Dumb Love","carly",NA,1
"98",0.537,0.315,5,-13.79,1,0.0271,0.588,2.29e-05,0.206,0.575,86.813,"audio_features","2Pr1nZpt8A8WP7QYpyq6L3","spotify:track:2Pr1nZpt8A8WP7QYpyq6L3","https://api.spotify.com/v1/tracks/2Pr1nZpt8A8WP7QYpyq6L3","https://api.spotify.com/v1/audio-analysis/2Pr1nZpt8A8WP7QYpyq6L3",190320,4,"Wildflowers","carly",NA,1
"99",0.705,0.743,1,-6.631,1,0.042,0.432,0.0133,0.103,0.374,118.552,"audio_features","6UBjSnyP1O5W5ndJoO9vUk","spotify:track:6UBjSnyP1O5W5ndJoO9vUk","https://api.spotify.com/v1/tracks/6UBjSnyP1O5W5ndJoO9vUk","https://api.spotify.com/v1/audio-analysis/6UBjSnyP1O5W5ndJoO9vUk",324423,4,"Night Moves","carly",NA,1
"100",0.512,0.6,9,-9.699,1,0.0392,0.698,0.644,0.101,0.755,167.323,"audio_features","01WQr2XhNnZMu4bjkgLN5s","spotify:track:01WQr2XhNnZMu4bjkgLN5s","https://api.spotify.com/v1/tracks/01WQr2XhNnZMu4bjkgLN5s","https://api.spotify.com/v1/audio-analysis/01WQr2XhNnZMu4bjkgLN5s",204467,4,"Morning Song","carly",NA,1
"101",0.737,0.757,2,-5.874,1,0.0437,0.168,1.14e-05,0.215,0.851,130.052,"audio_features","5VjVqlPfslXPqORPGk5HlH","spotify:track:5VjVqlPfslXPqORPGk5HlH","https://api.spotify.com/v1/tracks/5VjVqlPfslXPqORPGk5HlH","https://api.spotify.com/v1/audio-analysis/5VjVqlPfslXPqORPGk5HlH",149831,4,"Whatever Comes My Way","Annie",1,0
"102",0.852,0.549,10,-7.31,0,0.317,0.0988,1.35e-06,0.122,0.666,162.027,"audio_features","01ukVTKa6DhejzNulpoG2t","spotify:track:01ukVTKa6DhejzNulpoG2t","https://api.spotify.com/v1/tracks/01ukVTKa6DhejzNulpoG2t","https://api.spotify.com/v1/audio-analysis/01ukVTKa6DhejzNulpoG2t",164613,4,"damn Right","Annie",2,0
"103",0.573,0.683,5,-6.644,1,0.176,0.461,0,0.0935,0.817,169.519,"audio_features","0qRR9d89hIS0MHRkQ0ejxX","spotify:track:0qRR9d89hIS0MHRkQ0ejxX","https://api.spotify.com/v1/tracks/0qRR9d89hIS0MHRkQ0ejxX","https://api.spotify.com/v1/audio-analysis/0qRR9d89hIS0MHRkQ0ejxX",142787,4,"Rich Girl","Annie",3,0
"104",0.721,0.707,6,-6.364,1,0.0595,0.181,3.68e-06,0.143,0.743,125.005,"audio_features","2aPTvyE09vUCRwVvj0I8WK","spotify:track:2aPTvyE09vUCRwVvj0I8WK","https://api.spotify.com/v1/tracks/2aPTvyE09vUCRwVvj0I8WK","https://api.spotify.com/v1/audio-analysis/2aPTvyE09vUCRwVvj0I8WK",158206,4,"Sundress","Annie",4,0
"105",0.714,0.663,8,-5.799,1,0.0694,0.145,0,0.264,0.64,95.497,"audio_features","4DAaQ5InUO23d8yNRbB0Yj","spotify:track:4DAaQ5InUO23d8yNRbB0Yj","https://api.spotify.com/v1/tracks/4DAaQ5InUO23d8yNRbB0Yj","https://api.spotify.com/v1/audio-analysis/4DAaQ5InUO23d8yNRbB0Yj",206073,4,"6's to 9's","Annie",5,0
"106",0.725,0.709,2,-6.514,1,0.072,0.588,0,0.135,0.353,110.024,"audio_features","0Z7nGFVCLfixWctgePsRk9","spotify:track:0Z7nGFVCLfixWctgePsRk9","https://api.spotify.com/v1/tracks/0Z7nGFVCLfixWctgePsRk9","https://api.spotify.com/v1/audio-analysis/0Z7nGFVCLfixWctgePsRk9",235636,4,"TEXAS HOLD 'EM","Annie",6,0
"107",0.774,0.439,5,-7.612,0,0.0364,0.595,0.00127,0.109,0.661,125.085,"audio_features","2bsC6KLZ6a9v6zdoDkziBL","spotify:track:2bsC6KLZ6a9v6zdoDkziBL","https://api.spotify.com/v1/tracks/2bsC6KLZ6a9v6zdoDkziBL","https://api.spotify.com/v1/audio-analysis/2bsC6KLZ6a9v6zdoDkziBL",164627,4,"Dirty Love","Annie",7,0
"108",0.446,0.247,11,-13.036,0,0.0287,0.905,0.233,0.111,0.245,138.328,"audio_features","4x1dWc1GgAfC04GcTlllax","spotify:track:4x1dWc1GgAfC04GcTlllax","https://api.spotify.com/v1/tracks/4x1dWc1GgAfC04GcTlllax","https://api.spotify.com/v1/audio-analysis/4x1dWc1GgAfC04GcTlllax",106250,1,"Lake Missoula","Annie",8,0
"109",0.527,0.551,7,-11.258,1,0.0345,0.384,2.75e-06,0.403,0.443,148.035,"audio_features","3Pbp7cUCx4d3OAkZSCoNvn","spotify:track:3Pbp7cUCx4d3OAkZSCoNvn","https://api.spotify.com/v1/tracks/3Pbp7cUCx4d3OAkZSCoNvn","https://api.spotify.com/v1/audio-analysis/3Pbp7cUCx4d3OAkZSCoNvn",159636,4,"Scared To Start","Annie",9,0
"110",0.625,0.568,11,-5.663,1,0.0324,0.288,0,0.674,0.348,85.545,"audio_features","3LNRi4UytUnez6T0hFb4x3","spotify:track:3LNRi4UytUnez6T0hFb4x3","https://api.spotify.com/v1/tracks/3LNRi4UytUnez6T0hFb4x3","https://api.spotify.com/v1/audio-analysis/3LNRi4UytUnez6T0hFb4x3",179427,3,"You","Annie",10,0
"111",0.665,0.741,0,-3.694,1,0.0787,0.154,3.02e-05,0.345,0.57,144.968,"audio_features","1YscJ7yVTlFxW3eF6pv5ba","spotify:track:1YscJ7yVTlFxW3eF6pv5ba","https://api.spotify.com/v1/tracks/1YscJ7yVTlFxW3eF6pv5ba","https://api.spotify.com/v1/audio-analysis/1YscJ7yVTlFxW3eF6pv5ba",156893,4,"Allergic","Annie",11,0
"112",0.889,0.646,7,-6.366,1,0.0668,0.195,3.19e-05,0.0502,0.966,110.842,"audio_features","0mLAgHQP1BOkoHhDu622BQ","spotify:track:0mLAgHQP1BOkoHhDu622BQ","https://api.spotify.com/v1/tracks/0mLAgHQP1BOkoHhDu622BQ","https://api.spotify.com/v1/audio-analysis/0mLAgHQP1BOkoHhDu622BQ",213427,4,"Get Down On It","Annie",12,0
"113",0.733,0.67,5,-6.009,1,0.0751,0.121,0,0.121,0.472,100.964,"audio_features","0O6u0VJ46W86TxN9wgyqDj","spotify:track:0O6u0VJ46W86TxN9wgyqDj","https://api.spotify.com/v1/tracks/0O6u0VJ46W86TxN9wgyqDj","https://api.spotify.com/v1/audio-analysis/0O6u0VJ46W86TxN9wgyqDj",192841,4,"I Like You (A Happier Song) (with Doja Cat)","Annie",13,0
"114",0.711,0.576,7,-8.784,0,0.0305,0.648,0.00226,0.0528,0.644,120.117,"audio_features","1BWsOxeMx83OrKGCV4gxly","spotify:track:1BWsOxeMx83OrKGCV4gxly","https://api.spotify.com/v1/tracks/1BWsOxeMx83OrKGCV4gxly","https://api.spotify.com/v1/audio-analysis/1BWsOxeMx83OrKGCV4gxly",178560,4,"I Feel the Earth Move","Annie",14,0
"115",0.817,0.405,10,-13.513,0,0.0811,0.451,0.0507,0.0468,0.898,121.467,"audio_features","7MiLmLbwNoyf47xQ4TCVYp","spotify:track:7MiLmLbwNoyf47xQ4TCVYp","https://api.spotify.com/v1/tracks/7MiLmLbwNoyf47xQ4TCVYp","https://api.spotify.com/v1/audio-analysis/7MiLmLbwNoyf47xQ4TCVYp",419640,4,"Papa Was A Rollin' Stone - Single Version","Annie",15,0
"116",0.611,0.767,7,-5.511,1,0.215,0.153,0,0.114,0.381,90.064,"audio_features","78EBZOZppjic7aild1Bc8i","spotify:track:78EBZOZppjic7aild1Bc8i","https://api.spotify.com/v1/tracks/78EBZOZppjic7aild1Bc8i","https://api.spotify.com/v1/audio-analysis/78EBZOZppjic7aild1Bc8i",244333,4,"Wonderful","Annie",16,0
"117",0.686,0.855,11,-6.6,1,0.116,0.0252,0,0.037,0.763,176.002,"audio_features","1mVTQSGoFchL3VVrIa0MeH","spotify:track:1mVTQSGoFchL3VVrIa0MeH","https://api.spotify.com/v1/tracks/1mVTQSGoFchL3VVrIa0MeH","https://api.spotify.com/v1/audio-analysis/1mVTQSGoFchL3VVrIa0MeH",224933,4,"Millionaire (feat. André 3000)","Annie",17,0
"118",0.814,0.639,0,-10.481,1,0.0409,0.107,0.0438,0.118,0.98,135.253,"audio_features","6hFek9A3Xz4g1vgSYJBnzV","spotify:track:6hFek9A3Xz4g1vgSYJBnzV","https://api.spotify.com/v1/tracks/6hFek9A3Xz4g1vgSYJBnzV","https://api.spotify.com/v1/audio-analysis/6hFek9A3Xz4g1vgSYJBnzV",218268,4,"Feliz, Feliz","Annie",18,0
"119",0.73,0.515,11,-8.632,1,0.139,0.23,0.149,0.134,0.361,77.599,"audio_features","5wMfLe1nd26X7EQszhZjly","spotify:track:5wMfLe1nd26X7EQszhZjly","https://api.spotify.com/v1/tracks/5wMfLe1nd26X7EQszhZjly","https://api.spotify.com/v1/audio-analysis/5wMfLe1nd26X7EQszhZjly",204124,4,"Tucson","Annie",19,0
"120",0.693,0.367,3,-11.66,1,0.0323,0.351,2.9e-05,0.111,0.286,129.879,"audio_features","0c7iF5fSBYxCuwsAv2z4iI","spotify:track:0c7iF5fSBYxCuwsAv2z4iI","https://api.spotify.com/v1/tracks/0c7iF5fSBYxCuwsAv2z4iI","https://api.spotify.com/v1/audio-analysis/0c7iF5fSBYxCuwsAv2z4iI",274632,4,"Green Mountain State","Annie",20,0
"121",0.629,0.696,1,-5.572,0,0.348,0.0195,0,0.0554,0.623,93.034,"audio_features","1PS1QMdUqOal0ai3Gt7sDQ","spotify:track:1PS1QMdUqOal0ai3Gt7sDQ","https://api.spotify.com/v1/tracks/1PS1QMdUqOal0ai3Gt7sDQ","https://api.spotify.com/v1/audio-analysis/1PS1QMdUqOal0ai3Gt7sDQ",207627,4,"Gold Digger","Annie",21,0
"122",0.796,0.522,7,-4.977,0,0.0542,0.241,0,0.164,0.379,125.011,"audio_features","6Cu73hlNbhejRe966kx5bi","spotify:track:6Cu73hlNbhejRe966kx5bi","https://api.spotify.com/v1/tracks/6Cu73hlNbhejRe966kx5bi","https://api.spotify.com/v1/audio-analysis/6Cu73hlNbhejRe966kx5bi",190114,4,"Pretty Girl","Annie",22,0
"123",0.272,0.238,2,-12.148,0,0.0349,0.89,0.00925,0.275,0.119,83.507,"audio_features","01z2fBGB8Hl3Jd3zXe4IXR","spotify:track:01z2fBGB8Hl3Jd3zXe4IXR","https://api.spotify.com/v1/tracks/01z2fBGB8Hl3Jd3zXe4IXR","https://api.spotify.com/v1/audio-analysis/01z2fBGB8Hl3Jd3zXe4IXR",161840,4,"Come Back to Earth","Annie",23,0
"124",0.69,0.462,8,-8.054,1,0.13,0.343,0.00218,0.113,0.325,157.655,"audio_features","5p7GiBZNL1afJJDUrOA6C8","spotify:track:5p7GiBZNL1afJJDUrOA6C8","https://api.spotify.com/v1/tracks/5p7GiBZNL1afJJDUrOA6C8","https://api.spotify.com/v1/audio-analysis/5p7GiBZNL1afJJDUrOA6C8",245640,4,"Hurt Feelings","Annie",24,0
"125",0.759,0.492,1,-10.338,0,0.12,0.736,0.00989,0.107,0.561,104.974,"audio_features","2dgrYdgguVZKeCsrVb9XEs","spotify:track:2dgrYdgguVZKeCsrVb9XEs","https://api.spotify.com/v1/tracks/2dgrYdgguVZKeCsrVb9XEs","https://api.spotify.com/v1/audio-analysis/2dgrYdgguVZKeCsrVb9XEs",288640,4,"What's the Use?","Annie",25,0
"126",0.599,0.317,1,-11.212,1,0.174,0.748,0,0.111,0.203,148.09,"audio_features","0Xcy81PsJCOO6mhLZaQyQ4","spotify:track:0Xcy81PsJCOO6mhLZaQyQ4","https://api.spotify.com/v1/tracks/0Xcy81PsJCOO6mhLZaQyQ4","https://api.spotify.com/v1/audio-analysis/0Xcy81PsJCOO6mhLZaQyQ4",215413,4,"Perfecto","Annie",26,0
"127",0.52,0.538,1,-8.109,1,0.206,0.367,0.00187,0.119,0.177,141.894,"audio_features","5bJ1DrEM4hNCafcDd1oxHx","spotify:track:5bJ1DrEM4hNCafcDd1oxHx","https://api.spotify.com/v1/tracks/5bJ1DrEM4hNCafcDd1oxHx","https://api.spotify.com/v1/audio-analysis/5bJ1DrEM4hNCafcDd1oxHx",345133,4,"Self Care","Annie",27,0
"128",0.656,0.33,8,-8.771,1,0.162,0.818,0.00386,0.107,0.349,119.057,"audio_features","16umSNZfofRpDqTvf8DIAo","spotify:track:16umSNZfofRpDqTvf8DIAo","https://api.spotify.com/v1/tracks/16umSNZfofRpDqTvf8DIAo","https://api.spotify.com/v1/audio-analysis/16umSNZfofRpDqTvf8DIAo",250120,4,"Wings","Annie",28,0
"129",0.802,0.463,8,-8.379,1,0.162,0.236,0.00531,0.105,0.291,103.961,"audio_features","39NDBdU5Xkm5pCFGa5kZtI","spotify:track:39NDBdU5Xkm5pCFGa5kZtI","https://api.spotify.com/v1/tracks/39NDBdU5Xkm5pCFGa5kZtI","https://api.spotify.com/v1/audio-analysis/39NDBdU5Xkm5pCFGa5kZtI",287040,4,"Ladders","Annie",29,0
"130",0.516,0.546,5,-9.105,1,0.249,0.814,4.5e-06,0.0995,0.515,78.267,"audio_features","4gT3mNJA8lnlkYFqGZ8IA2","spotify:track:4gT3mNJA8lnlkYFqGZ8IA2","https://api.spotify.com/v1/tracks/4gT3mNJA8lnlkYFqGZ8IA2","https://api.spotify.com/v1/audio-analysis/4gT3mNJA8lnlkYFqGZ8IA2",271733,4,"Small Worlds","Annie",30,0
"131",0.787,0.472,6,-10.032,0,0.113,0.64,5.22e-05,0.11,0.264,144.998,"audio_features","1oFEAWvPHP5TdSlmIs77sV","spotify:track:1oFEAWvPHP5TdSlmIs77sV","https://api.spotify.com/v1/tracks/1oFEAWvPHP5TdSlmIs77sV","https://api.spotify.com/v1/audio-analysis/1oFEAWvPHP5TdSlmIs77sV",210253,4,"Conversation Pt. 1","Annie",31,0
"132",0.622,0.229,1,-11.322,1,0.0445,0.768,0.00906,0.134,0.0998,81.87,"audio_features","3YnwIp2b99p3e5dsFTXIIx","spotify:track:3YnwIp2b99p3e5dsFTXIIx","https://api.spotify.com/v1/tracks/3YnwIp2b99p3e5dsFTXIIx","https://api.spotify.com/v1/audio-analysis/3YnwIp2b99p3e5dsFTXIIx",237093,4,"Dunno","Annie",32,0
"133",0.791,0.557,7,-9.622,0,0.0698,0.54,0,0.103,0.284,119.973,"audio_features","2JmFRXaJrkAUD2cs6U20KG","spotify:track:2JmFRXaJrkAUD2cs6U20KG","https://api.spotify.com/v1/tracks/2JmFRXaJrkAUD2cs6U20KG","https://api.spotify.com/v1/audio-analysis/2JmFRXaJrkAUD2cs6U20KG",345213,4,"Jet Fuel","Annie",33,0
"134",0.533,0.496,6,-9.363,0,0.517,0.77,0.000164,0.0969,0.173,155.158,"audio_features","6dFn6my1sHK2bcf23GlHwM","spotify:track:6dFn6my1sHK2bcf23GlHwM","https://api.spotify.com/v1/tracks/6dFn6my1sHK2bcf23GlHwM","https://api.spotify.com/v1/audio-analysis/6dFn6my1sHK2bcf23GlHwM",347987,4,"2009","Annie",34,0
"135",0.576,0.556,0,-6.474,1,0.231,0.812,0.125,0.0943,0.294,148.173,"audio_features","0EA2RhRHL4KWeNa7JfD1Yw","spotify:track:0EA2RhRHL4KWeNa7JfD1Yw","https://api.spotify.com/v1/tracks/0EA2RhRHL4KWeNa7JfD1Yw","https://api.spotify.com/v1/audio-analysis/0EA2RhRHL4KWeNa7JfD1Yw",312960,4,"So It Goes","Annie",35,0
"136",0.552,0.391,4,-9.487,1,0.401,0.103,0,0.173,0.362,87.993,"audio_features","75w3hkYlT7dH1IWXMqBdq9","spotify:track:75w3hkYlT7dH1IWXMqBdq9","https://api.spotify.com/v1/tracks/75w3hkYlT7dH1IWXMqBdq9","https://api.spotify.com/v1/audio-analysis/75w3hkYlT7dH1IWXMqBdq9",274769,4,"Penelope","Annie",36,0
"137",0.792,0.555,0,-7.038,1,0.34,0.0394,6.39e-06,0.107,0.084,99.954,"audio_features","5H0NU2sHWUnWCcZyYlX46X","spotify:track:5H0NU2sHWUnWCcZyYlX46X","https://api.spotify.com/v1/tracks/5H0NU2sHWUnWCcZyYlX46X","https://api.spotify.com/v1/audio-analysis/5H0NU2sHWUnWCcZyYlX46X",273600,4,"65th & Ingleside","Annie",37,0
"138",0.846,0.809,2,-3.619,1,0.287,0.034,0,0.151,0.267,85.011,"audio_features","2cEnYJKLSZPH7MFSk6C05c","spotify:track:2cEnYJKLSZPH7MFSk6C05c","https://api.spotify.com/v1/tracks/2cEnYJKLSZPH7MFSk6C05c","https://api.spotify.com/v1/audio-analysis/2cEnYJKLSZPH7MFSk6C05c",216277,4,"Wala Cam","Annie",38,0
"139",0.678,0.659,1,-4.694,1,0.312,0.492,0,0.106,0.675,173.988,"audio_features","3PdgIdRXJjgxfOr7slldel","spotify:track:3PdgIdRXJjgxfOr7slldel","https://api.spotify.com/v1/tracks/3PdgIdRXJjgxfOr7slldel","https://api.spotify.com/v1/audio-analysis/3PdgIdRXJjgxfOr7slldel",243180,4,"Work Out","Annie",39,0
"140",0.514,0.693,9,-5.868,1,0.408,0.177,0,0.351,0.287,110.568,"audio_features","3EApebexZ7YqDIqw2EMTDh","spotify:track:3EApebexZ7YqDIqw2EMTDh","https://api.spotify.com/v1/tracks/3EApebexZ7YqDIqw2EMTDh","https://api.spotify.com/v1/audio-analysis/3EApebexZ7YqDIqw2EMTDh",240640,3,"I Might Need Security","Annie",40,0
"141",0.519,0.749,6,-3.318,0,0.0405,0.271,0,0.119,0.29,147.905,"audio_features","0ZUo4YjG4saFnEJhdWp9Bt","spotify:track:0ZUo4YjG4saFnEJhdWp9Bt","https://api.spotify.com/v1/tracks/0ZUo4YjG4saFnEJhdWp9Bt","https://api.spotify.com/v1/audio-analysis/0ZUo4YjG4saFnEJhdWp9Bt",199947,4,"Before He Cheats","Annie",41,0
"142",0.535,0.448,1,-8.919,0,0.175,0.601,0,0.376,0.284,120.554,"audio_features","388jD8ko9cvFM9cd9TYDrl","spotify:track:388jD8ko9cvFM9cd9TYDrl","https://api.spotify.com/v1/tracks/388jD8ko9cvFM9cd9TYDrl","https://api.spotify.com/v1/audio-analysis/388jD8ko9cvFM9cd9TYDrl",343213,4,"ROS","Annie",42,0
"143",0.705,0.417,0,-12.742,1,0.2,0.143,0.033,0.395,0.267,79.001,"audio_features","4cSIwCwHBx80sXjBeb9Uw1","spotify:track:4cSIwCwHBx80sXjBeb9Uw1","https://api.spotify.com/v1/tracks/4cSIwCwHBx80sXjBeb9Uw1","https://api.spotify.com/v1/audio-analysis/4cSIwCwHBx80sXjBeb9Uw1",206582,4,"Feel It Still - Flatbush Zombies Remix","Annie",43,0
"144",0.88,0.569,10,-6.517,0,0.221,0.0809,5.82e-05,0.214,0.474,134.924,"audio_features","1883mCuSqnfnrWoq8i3myH","spotify:track:1883mCuSqnfnrWoq8i3myH","https://api.spotify.com/v1/tracks/1883mCuSqnfnrWoq8i3myH","https://api.spotify.com/v1/audio-analysis/1883mCuSqnfnrWoq8i3myH",190187,4,"Programs","Annie",44,0
"145",0.516,0.546,5,-9.105,1,0.249,0.814,4.5e-06,0.0995,0.515,78.267,"audio_features","64O6Y8wpgkcaOYRQioDuRB","spotify:track:64O6Y8wpgkcaOYRQioDuRB","https://api.spotify.com/v1/tracks/64O6Y8wpgkcaOYRQioDuRB","https://api.spotify.com/v1/audio-analysis/64O6Y8wpgkcaOYRQioDuRB",271733,4,"Small Worlds","Annie",45,0
"146",0.578,0.714,7,-4.853,1,0.19,0.437,0,0.277,0.524,75.064,"audio_features","0ZBchpb4CLk5Qqu3895Etp","spotify:track:0ZBchpb4CLk5Qqu3895Etp","https://api.spotify.com/v1/tracks/0ZBchpb4CLk5Qqu3895Etp","https://api.spotify.com/v1/audio-analysis/0ZBchpb4CLk5Qqu3895Etp",228440,4,"Buttons","Annie",46,0
"147",0.79,0.438,1,-6.462,1,0.133,0.0634,0,0.1,0.247,90.022,"audio_features","2qwn6whaZf7gax7SaqUZSC","spotify:track:2qwn6whaZf7gax7SaqUZSC","https://api.spotify.com/v1/tracks/2qwn6whaZf7gax7SaqUZSC","https://api.spotify.com/v1/audio-analysis/2qwn6whaZf7gax7SaqUZSC",248050,4,"Incredible","Annie",47,0
"148",0.585,0.801,11,-5.406,0,0.0995,0.00601,8.2e-05,0.0865,0.283,101.987,"audio_features","3reay7NBijCy7n8xVLpDL8","spotify:track:3reay7NBijCy7n8xVLpDL8","https://api.spotify.com/v1/tracks/3reay7NBijCy7n8xVLpDL8","https://api.spotify.com/v1/audio-analysis/3reay7NBijCy7n8xVLpDL8",221747,4,"Passenger Side","Annie",48,0
"149",0.79,0.49,5,-5.097,1,0.0942,0.483,0,0.201,0.577,140.202,"audio_features","1UMQ9VXdKGiAHIGD5fWX2B","spotify:track:1UMQ9VXdKGiAHIGD5fWX2B","https://api.spotify.com/v1/tracks/1UMQ9VXdKGiAHIGD5fWX2B","https://api.spotify.com/v1/audio-analysis/1UMQ9VXdKGiAHIGD5fWX2B",203653,4,"Iron & Steel","Annie",49,0
"150",0.648,0.498,0,-9.722,0,0.141,0.484,0,0.325,0.488,132.01,"audio_features","7f0d7CGRJb1lk6nAz1QLzj","spotify:track:7f0d7CGRJb1lk6nAz1QLzj","https://api.spotify.com/v1/tracks/7f0d7CGRJb1lk6nAz1QLzj","https://api.spotify.com/v1/audio-analysis/7f0d7CGRJb1lk6nAz1QLzj",138182,4,"First Things First","Annie",50,0
"151",0.927,0.563,0,-8.163,0,0.0941,0.582,0.000442,0.0708,0.952,124.99,"audio_features","2DRnZ9Wiw60HbS6GDqnld1","spotify:track:2DRnZ9Wiw60HbS6GDqnld1","https://api.spotify.com/v1/tracks/2DRnZ9Wiw60HbS6GDqnld1","https://api.spotify.com/v1/audio-analysis/2DRnZ9Wiw60HbS6GDqnld1",171524,4,"Bag Season","Annie",51,0
"152",0.727,0.391,5,-7.48,0,0.251,0.344,0.00015,0.135,0.221,166.12,"audio_features","48ZonDB5Bd2svbdRskiLkE","spotify:track:48ZonDB5Bd2svbdRskiLkE","https://api.spotify.com/v1/tracks/48ZonDB5Bd2svbdRskiLkE","https://api.spotify.com/v1/audio-analysis/48ZonDB5Bd2svbdRskiLkE",175450,4,"Baby Boy","Annie",52,0
"153",0.727,0.463,2,-12.867,1,0.363,0.228,0,0.065,0.415,89.694,"audio_features","4sx30qSHWacpU4my5WHC4K","spotify:track:4sx30qSHWacpU4my5WHC4K","https://api.spotify.com/v1/tracks/4sx30qSHWacpU4my5WHC4K","https://api.spotify.com/v1/audio-analysis/4sx30qSHWacpU4my5WHC4K",175500,4,"Shorty","Annie",53,0
"154",0.609,0.647,0,-8.689,1,0.367,0.0219,0,0.143,0.445,106.051,"audio_features","0p8E413H9XOj86PSVMwM7i","spotify:track:0p8E413H9XOj86PSVMwM7i","https://api.spotify.com/v1/tracks/0p8E413H9XOj86PSVMwM7i","https://api.spotify.com/v1/audio-analysis/0p8E413H9XOj86PSVMwM7i",203405,4,"Wide Angle","Annie",54,0
"155",0.317,0.276,0,-21.163,1,0.0984,0.994,0.0531,0.33,0.591,124.953,"audio_features","5OZA1vhFOW5J9MqEBHpYSC","spotify:track:5OZA1vhFOW5J9MqEBHpYSC","https://api.spotify.com/v1/tracks/5OZA1vhFOW5J9MqEBHpYSC","https://api.spotify.com/v1/audio-analysis/5OZA1vhFOW5J9MqEBHpYSC",107553,3,"This is a Rose (Interlude)","Annie",55,0
"156",0.505,0.479,10,-7.388,0,0.0701,0.0088,0.000719,0.417,0.4,119.901,"audio_features","5MToq94xGO3pGbWBQxKPj3","spotify:track:5MToq94xGO3pGbWBQxKPj3","https://api.spotify.com/v1/tracks/5MToq94xGO3pGbWBQxKPj3","https://api.spotify.com/v1/audio-analysis/5MToq94xGO3pGbWBQxKPj3",211413,4,"Above Water","Annie",56,0
"157",0.731,0.487,1,-12.214,1,0.394,0.318,0,0.105,0.482,84.921,"audio_features","1oHx7m4YoqXzao3MEn94HY","spotify:track:1oHx7m4YoqXzao3MEn94HY","https://api.spotify.com/v1/tracks/1oHx7m4YoqXzao3MEn94HY","https://api.spotify.com/v1/audio-analysis/1oHx7m4YoqXzao3MEn94HY",237407,4,"Oceans V2","Annie",57,0
"158",0.885,0.42,9,-7.818,1,0.146,0.202,7.92e-05,0.0838,0.527,139.97,"audio_features","5DA2fkfcKhbuXFB7dWA1Pz","spotify:track:5DA2fkfcKhbuXFB7dWA1Pz","https://api.spotify.com/v1/tracks/5DA2fkfcKhbuXFB7dWA1Pz","https://api.spotify.com/v1/audio-analysis/5DA2fkfcKhbuXFB7dWA1Pz",222917,4,"All I Need","Annie",58,0
"159",0.735,0.306,5,-12.906,0,0.0627,0.517,0,0.107,0.265,122.027,"audio_features","1LJAHV5GlmV59vZ3zHvhJ0","spotify:track:1LJAHV5GlmV59vZ3zHvhJ0","https://api.spotify.com/v1/tracks/1LJAHV5GlmV59vZ3zHvhJ0","https://api.spotify.com/v1/audio-analysis/1LJAHV5GlmV59vZ3zHvhJ0",169720,4,"2 Soon","Annie",59,0
"160",0.667,0.424,11,-12.328,0,0.19,0.0917,0.000605,0.115,0.157,119.87,"audio_features","5T2yqGJg9qAPMZJVo3xBNq","spotify:track:5T2yqGJg9qAPMZJVo3xBNq","https://api.spotify.com/v1/tracks/5T2yqGJg9qAPMZJVo3xBNq","https://api.spotify.com/v1/audio-analysis/5T2yqGJg9qAPMZJVo3xBNq",205500,4,"Darkest Motives","Annie",60,0
"161",0.383,0.274,0,-15.187,1,0.068,0.811,0.00894,0.159,0.357,156.103,"audio_features","3a7t28H8s6Pspjvux1bkiX","spotify:track:3a7t28H8s6Pspjvux1bkiX","https://api.spotify.com/v1/tracks/3a7t28H8s6Pspjvux1bkiX","https://api.spotify.com/v1/audio-analysis/3a7t28H8s6Pspjvux1bkiX",125192,4,"I Stayed Home All Day","Annie",61,0
"162",0.871,0.343,2,-14.825,1,0.0908,0.212,0,0.123,0.656,122.996,"audio_features","5ruLlyX60A4GyYel2JQer4","spotify:track:5ruLlyX60A4GyYel2JQer4","https://api.spotify.com/v1/tracks/5ruLlyX60A4GyYel2JQer4","https://api.spotify.com/v1/audio-analysis/5ruLlyX60A4GyYel2JQer4",187073,4,"Die B4 You Do","Annie",62,0
"163",0.82,0.352,0,-13.366,1,0.146,0.449,0,0.413,0.493,120.044,"audio_features","5GeXTjykza5K9HHyqWIfrv","spotify:track:5GeXTjykza5K9HHyqWIfrv","https://api.spotify.com/v1/tracks/5GeXTjykza5K9HHyqWIfrv","https://api.spotify.com/v1/audio-analysis/5GeXTjykza5K9HHyqWIfrv",193000,4,"She Come and She Go","Annie",63,0
"164",0.675,0.385,9,-11.009,1,0.0994,0.547,0,0.172,0.232,73.023,"audio_features","3JICURjxOngSbii72KTn5S","spotify:track:3JICURjxOngSbii72KTn5S","https://api.spotify.com/v1/tracks/3JICURjxOngSbii72KTn5S","https://api.spotify.com/v1/audio-analysis/3JICURjxOngSbii72KTn5S",216892,4,"Bring Me My Money","Annie",64,0
"165",0.863,0.577,7,-4.544,1,0.253,0.0299,0,0.327,0.581,110.021,"audio_features","29FLOzVMMmSYDMPicVJdAy","spotify:track:29FLOzVMMmSYDMPicVJdAy","https://api.spotify.com/v1/tracks/29FLOzVMMmSYDMPicVJdAy","https://api.spotify.com/v1/audio-analysis/29FLOzVMMmSYDMPicVJdAy",148636,4,"Sun Dance","Annie",65,0
"166",0.859,0.371,0,-10.683,1,0.0514,0.144,6.76e-06,0.113,0.601,110.899,"audio_features","3t2N6cizXKZ9RCTd3OkSMV","spotify:track:3t2N6cizXKZ9RCTd3OkSMV","https://api.spotify.com/v1/tracks/3t2N6cizXKZ9RCTd3OkSMV","https://api.spotify.com/v1/audio-analysis/3t2N6cizXKZ9RCTd3OkSMV",200125,4,"7th King","Annie",66,0
"167",0.742,0.71,11,-7.859,0,0.0672,0.157,0,0.308,0.906,99.948,"audio_features","2eYv1TTJtj0TBdTdZziWqD","spotify:track:2eYv1TTJtj0TBdTdZziWqD","https://api.spotify.com/v1/tracks/2eYv1TTJtj0TBdTdZziWqD","https://api.spotify.com/v1/audio-analysis/2eYv1TTJtj0TBdTdZziWqD",183042,4,"Horchata (Waves)","Annie",67,0
"168",0.736,0.638,0,-7.299,1,0.174,0.136,1.41e-06,0.283,0.829,139.15,"audio_features","0lMpJ2Y5MdnmH1755IGroZ","spotify:track:0lMpJ2Y5MdnmH1755IGroZ","https://api.spotify.com/v1/tracks/0lMpJ2Y5MdnmH1755IGroZ","https://api.spotify.com/v1/audio-analysis/0lMpJ2Y5MdnmH1755IGroZ",205500,4,"Love","Annie",68,0
"169",0.938,0.513,11,-8.122,1,0.237,0.0254,0,0.0691,0.182,108.001,"audio_features","3UraDt03aF36JtbaSv5cUY","spotify:track:3UraDt03aF36JtbaSv5cUY","https://api.spotify.com/v1/tracks/3UraDt03aF36JtbaSv5cUY","https://api.spotify.com/v1/audio-analysis/3UraDt03aF36JtbaSv5cUY",260625,4,"Gorilla (feat. Gyyps)","Annie",69,0
"170",0.552,0.238,0,-15.91,1,0.242,0.452,0,0.175,0.356,128.239,"audio_features","74FAurNEnLtugKFkvpiwzV","spotify:track:74FAurNEnLtugKFkvpiwzV","https://api.spotify.com/v1/tracks/74FAurNEnLtugKFkvpiwzV","https://api.spotify.com/v1/audio-analysis/74FAurNEnLtugKFkvpiwzV",111500,4,"Interlude","Annie",70,0
"171",0.742,0.566,6,-9.091,1,0.1,0.567,1.27e-05,0.114,0.394,129.972,"audio_features","1IUKVXk8cWRQQ01YhH4WTj","spotify:track:1IUKVXk8cWRQQ01YhH4WTj","https://api.spotify.com/v1/tracks/1IUKVXk8cWRQQ01YhH4WTj","https://api.spotify.com/v1/audio-analysis/1IUKVXk8cWRQQ01YhH4WTj",148615,4,"Shadows","Annie",71,0
"172",0.944,0.47,10,-11.598,0,0.182,0.278,1.33e-06,0.0777,0.93,129.978,"audio_features","52Cs7GrUOMuaS7wS0jmqnU","spotify:track:52Cs7GrUOMuaS7wS0jmqnU","https://api.spotify.com/v1/tracks/52Cs7GrUOMuaS7wS0jmqnU","https://api.spotify.com/v1/audio-analysis/52Cs7GrUOMuaS7wS0jmqnU",169885,4,"This Shit Comes in Waves","Annie",72,0
"173",0.626,0.575,4,-8.804,1,0.458,0.00625,0,0.182,0.322,134.071,"audio_features","1EVkELMqiqO7F5Hi76oaLP","spotify:track:1EVkELMqiqO7F5Hi76oaLP","https://api.spotify.com/v1/tracks/1EVkELMqiqO7F5Hi76oaLP","https://api.spotify.com/v1/audio-analysis/1EVkELMqiqO7F5Hi76oaLP",246716,4,"Club Bang (feat. Gyyps)","Annie",73,0
"174",0.673,0.386,8,-10.26,1,0.503,0.809,0,0.48,0.792,114.575,"audio_features","4NnZLxypfFvJyOzYavgZRk","spotify:track:4NnZLxypfFvJyOzYavgZRk","https://api.spotify.com/v1/tracks/4NnZLxypfFvJyOzYavgZRk","https://api.spotify.com/v1/audio-analysis/4NnZLxypfFvJyOzYavgZRk",177042,1,"Buena Vista","Annie",74,0
"175",0.922,0.389,10,-9.986,1,0.092,0.223,9.41e-05,0.101,0.325,104.06,"audio_features","5WJ733JRIgg7oJNzUBpZdH","spotify:track:5WJ733JRIgg7oJNzUBpZdH","https://api.spotify.com/v1/tracks/5WJ733JRIgg7oJNzUBpZdH","https://api.spotify.com/v1/audio-analysis/5WJ733JRIgg7oJNzUBpZdH",169542,4,"Don't Change","Annie",75,0
"176",0.461,0.382,0,-10.033,1,0.0508,0.148,0.00687,0.264,0.166,120.015,"audio_features","2L21qwCDZYvaGJeJ85vR2p","spotify:track:2L21qwCDZYvaGJeJ85vR2p","https://api.spotify.com/v1/tracks/2L21qwCDZYvaGJeJ85vR2p","https://api.spotify.com/v1/audio-analysis/2L21qwCDZYvaGJeJ85vR2p",255500,4,"Dope4yall","Annie",76,0
"177",0.605,0.334,1,-15.66,1,0.128,0.15,0.848,0.0897,0.262,155.799,"audio_features","0i8SsknbRmHKsq9ryrrrHA","spotify:track:0i8SsknbRmHKsq9ryrrrHA","https://api.spotify.com/v1/tracks/0i8SsknbRmHKsq9ryrrrHA","https://api.spotify.com/v1/audio-analysis/0i8SsknbRmHKsq9ryrrrHA",106154,4,"Tea (feat. Tim Callobre & Gyyps)","Annie",77,0
"178",0.931,0.664,5,-5.873,1,0.0906,0.0507,9.63e-06,0.173,0.314,111.018,"audio_features","0CJaZKbCqXgB6QvBQp6GFS","spotify:track:0CJaZKbCqXgB6QvBQp6GFS","https://api.spotify.com/v1/tracks/0CJaZKbCqXgB6QvBQp6GFS","https://api.spotify.com/v1/audio-analysis/0CJaZKbCqXgB6QvBQp6GFS",278378,4,"Leave in the Morning (feat. Tut)","Annie",78,0
"179",0.686,0.262,7,-13.009,1,0.0504,0.931,0.0451,0.0915,0.411,77.391,"audio_features","6SXNtpk3nxRiPben0c2eMN","spotify:track:6SXNtpk3nxRiPben0c2eMN","https://api.spotify.com/v1/tracks/6SXNtpk3nxRiPben0c2eMN","https://api.spotify.com/v1/audio-analysis/6SXNtpk3nxRiPben0c2eMN",226750,4,"White","Annie",79,0
"180",0.808,0.342,0,-12.246,1,0.0365,0.241,0.0397,0.106,0.434,111.033,"audio_features","4NHvhzUAWP8C6G27wTrSoX","spotify:track:4NHvhzUAWP8C6G27wTrSoX","https://api.spotify.com/v1/tracks/4NHvhzUAWP8C6G27wTrSoX","https://api.spotify.com/v1/audio-analysis/4NHvhzUAWP8C6G27wTrSoX",191407,4,"7th King (Dwayne Reprise)","Annie",80,0
"181",0.796,0.405,4,-9.612,0,0.223,0.185,0,0.0911,0.166,132.057,"audio_features","6QS5M4NNZV5hWZCxfukxzB","spotify:track:6QS5M4NNZV5hWZCxfukxzB","https://api.spotify.com/v1/tracks/6QS5M4NNZV5hWZCxfukxzB","https://api.spotify.com/v1/audio-analysis/6QS5M4NNZV5hWZCxfukxzB",165373,3,"Westside It Don't Stop","Annie",81,0
"182",0.747,0.714,6,-5.123,0,0.14,0.0169,0,0.138,0.461,144.969,"audio_features","3DgoM4s0T7VoHEQkp3xUsW","spotify:track:3DgoM4s0T7VoHEQkp3xUsW","https://api.spotify.com/v1/tracks/3DgoM4s0T7VoHEQkp3xUsW","https://api.spotify.com/v1/audio-analysis/3DgoM4s0T7VoHEQkp3xUsW",191013,4,"Mama Always Told Me","Annie",82,0
"183",0.401,0.325,2,-13.575,1,0.068,0.629,2.12e-06,0.103,0.209,84.628,"audio_features","2jLHm0rzlxKonOQPSApDJN","spotify:track:2jLHm0rzlxKonOQPSApDJN","https://api.spotify.com/v1/tracks/2jLHm0rzlxKonOQPSApDJN","https://api.spotify.com/v1/audio-analysis/2jLHm0rzlxKonOQPSApDJN",158040,4,"Intro (Slow)","Annie",83,0
"184",0.838,0.546,5,-6.811,0,0.295,0.153,0,0.0656,0.745,137.027,"audio_features","51LIqkda3pTeECZUhMnool","spotify:track:51LIqkda3pTeECZUhMnool","https://api.spotify.com/v1/tracks/51LIqkda3pTeECZUhMnool","https://api.spotify.com/v1/audio-analysis/51LIqkda3pTeECZUhMnool",206533,4,"Straightjacket","Annie",84,0
"185",0.542,0.459,4,-8.354,1,0.271,0.476,0,0.115,0.594,143.179,"audio_features","3bBcJ5L26TPFKFhl2b0jrw","spotify:track:3bBcJ5L26TPFKFhl2b0jrw","https://api.spotify.com/v1/tracks/3bBcJ5L26TPFKFhl2b0jrw","https://api.spotify.com/v1/audio-analysis/3bBcJ5L26TPFKFhl2b0jrw",195280,4,"Worst","Annie",85,0
"186",0.812,0.472,1,-6.806,0,0.0603,0.26,0,0.285,0.457,92.951,"audio_features","7cM9Kqto11iJpY2RwgVJSq","spotify:track:7cM9Kqto11iJpY2RwgVJSq","https://api.spotify.com/v1/tracks/7cM9Kqto11iJpY2RwgVJSq","https://api.spotify.com/v1/audio-analysis/7cM9Kqto11iJpY2RwgVJSq",240013,4,"Flare Guns","Annie",86,0
"187",0.862,0.599,1,-6.116,0,0.296,0.407,0,0.0827,0.495,93.922,"audio_features","0lNFKo6PVwAGnEdZfp9UfT","spotify:track:0lNFKo6PVwAGnEdZfp9UfT","https://api.spotify.com/v1/tracks/0lNFKo6PVwAGnEdZfp9UfT","https://api.spotify.com/v1/audio-analysis/0lNFKo6PVwAGnEdZfp9UfT",187333,4,"Fake Denim","Annie",87,0
"188",0.867,0.414,2,-9.262,1,0.168,0.618,0,0.121,0.355,120.026,"audio_features","1oRqphEMulv6I12JOIGIMH","spotify:track:1oRqphEMulv6I12JOIGIMH","https://api.spotify.com/v1/tracks/1oRqphEMulv6I12JOIGIMH","https://api.spotify.com/v1/audio-analysis/1oRqphEMulv6I12JOIGIMH",232173,4,"Don't You","Annie",88,0
"189",0.79,0.661,11,-5.355,1,0.0536,0.107,0,0.14,0.674,144.966,"audio_features","1bgjcyBhusKOjciL2BEiWM","spotify:track:1bgjcyBhusKOjciL2BEiWM","https://api.spotify.com/v1/tracks/1bgjcyBhusKOjciL2BEiWM","https://api.spotify.com/v1/audio-analysis/1bgjcyBhusKOjciL2BEiWM",183080,4,"60 Seconds","Annie",89,0
"190",0.735,0.448,6,-7.387,1,0.0864,0.333,0,0.115,0.581,93.099,"audio_features","4d5aAIEtXySFDFxNuYbbZv","spotify:track:4d5aAIEtXySFDFxNuYbbZv","https://api.spotify.com/v1/tracks/4d5aAIEtXySFDFxNuYbbZv","https://api.spotify.com/v1/audio-analysis/4d5aAIEtXySFDFxNuYbbZv",179307,4,"Walls","Annie",90,0
"191",0.821,0.424,2,-8.717,0,0.124,0.395,0,0.1,0.564,104.102,"audio_features","1gnYyhbQVmPskm6idTMrx3","spotify:track:1gnYyhbQVmPskm6idTMrx3","https://api.spotify.com/v1/tracks/1gnYyhbQVmPskm6idTMrx3","https://api.spotify.com/v1/audio-analysis/1gnYyhbQVmPskm6idTMrx3",188787,4,"Tourist","Annie",91,0
"192",0.75,0.694,2,-5.876,1,0.0342,0.44,1.53e-06,0.0881,0.656,106.017,"audio_features","1W0zPxHrUF4H2xmWkO97Ea","spotify:track:1W0zPxHrUF4H2xmWkO97Ea","https://api.spotify.com/v1/tracks/1W0zPxHrUF4H2xmWkO97Ea","https://api.spotify.com/v1/audio-analysis/1W0zPxHrUF4H2xmWkO97Ea",197333,4,"One Day At A Time","Annie",92,0
"193",0.731,0.588,3,-5.217,1,0.0749,0.334,0,0.278,0.449,80.019,"audio_features","7cWyFwAaxdK2HSRuiRkMjy","spotify:track:7cWyFwAaxdK2HSRuiRkMjy","https://api.spotify.com/v1/tracks/7cWyFwAaxdK2HSRuiRkMjy","https://api.spotify.com/v1/audio-analysis/7cWyFwAaxdK2HSRuiRkMjy",235720,4,"Always Been You","Annie",93,0
"194",0.655,0.839,9,-5.076,0,0.443,0.00534,0,0.308,0.55,74.867,"audio_features","5goGDc74vVREyN8al8CkPh","spotify:track:5goGDc74vVREyN8al8CkPh","https://api.spotify.com/v1/tracks/5goGDc74vVREyN8al8CkPh","https://api.spotify.com/v1/audio-analysis/5goGDc74vVREyN8al8CkPh",255840,4,"Diplomatic Immunity","Annie",94,0
"195",0.758,0.448,7,-9.441,1,0.103,0.0309,8.67e-05,0.558,0.373,77.176,"audio_features","2XW4DbS6NddZxRPm5rMCeY","spotify:track:2XW4DbS6NddZxRPm5rMCeY","https://api.spotify.com/v1/tracks/2XW4DbS6NddZxRPm5rMCeY","https://api.spotify.com/v1/audio-analysis/2XW4DbS6NddZxRPm5rMCeY",198960,4,"God's Plan","Annie",95,0
"196",0.623,0.417,0,-13.142,1,0.0413,0.268,0.000204,0.229,0.253,143.919,"audio_features","0EctYJSUcBrBd9iouJ3zvA","spotify:track:0EctYJSUcBrBd9iouJ3zvA","https://api.spotify.com/v1/tracks/0EctYJSUcBrBd9iouJ3zvA","https://api.spotify.com/v1/audio-analysis/0EctYJSUcBrBd9iouJ3zvA",204167,4,"Love of Mine","Annie",96,0
"197",0.649,0.599,7,-7.744,1,0.234,0.0914,0,0.195,0.41,77.057,"audio_features","26nxjX1zXkT8oVwO9RPUMf","spotify:track:26nxjX1zXkT8oVwO9RPUMf","https://api.spotify.com/v1/tracks/26nxjX1zXkT8oVwO9RPUMf","https://api.spotify.com/v1/audio-analysis/26nxjX1zXkT8oVwO9RPUMf",202597,4,"Sunrise (Intro) [feat. Rosy]","Annie",97,0
"198",0.614,0.427,11,-6.969,0,0.386,0.208,0,0.112,0.439,79.51,"audio_features","6kslhTC6qnOIU7IcDrG65x","spotify:track:6kslhTC6qnOIU7IcDrG65x","https://api.spotify.com/v1/tracks/6kslhTC6qnOIU7IcDrG65x","https://api.spotify.com/v1/audio-analysis/6kslhTC6qnOIU7IcDrG65x",179075,4,"Coma (Remastered) [feat. Anibal]","Annie",98,0
"199",0.512,0.673,0,-7.359,1,0.0523,0.289,3.04e-06,0.126,0.11,99.84,"audio_features","5BoOzegGrg5XFRR8UBDtkF","spotify:track:5BoOzegGrg5XFRR8UBDtkF","https://api.spotify.com/v1/tracks/5BoOzegGrg5XFRR8UBDtkF","https://api.spotify.com/v1/audio-analysis/5BoOzegGrg5XFRR8UBDtkF",233813,4,"Broken Whiskey Glass","Annie",99,0
"200",0.826,0.504,0,-6.026,1,0.052,0.12,0,0.148,0.476,123.967,"audio_features","28P6Cr4NvWmCrFj2hH66dU","spotify:track:28P6Cr4NvWmCrFj2hH66dU","https://api.spotify.com/v1/tracks/28P6Cr4NvWmCrFj2hH66dU","https://api.spotify.com/v1/audio-analysis/28P6Cr4NvWmCrFj2hH66dU",203500,4,"Bootleggin'","Annie",100,0
